label,prefix_cluster,full_cluster,prefix_probability_0,full_probability_0,prefix_probability_1,full_probability_1,prefix_probability_2,full_probability_2
2,1,1,0.0,0.0,1.0,1.0,0.0,0.0
0,1,1,0.0,0.0,1.0,1.0,0.0,0.0
2,1,1,0.0,0.0,1.0,1.0,0.0,0.0
1,1,1,0.0,0.0,1.0,1.0,0.0,0.0
1,1,1,0.0,0.0,1.0,1.0,0.0,0.0
2,1,1,0.0,0.0,1.0,1.0,0.0,0.0
1,1,1,0.0,0.0,1.0,1.0,0.0,0.0
1,1,1,0.0,0.0,1.0,1.0,0.0,0.0
1,1,1,0.0,0.0,1.0,1.0,0.0,0.0
0,1,1,1e-45,0.0,1.0,1.0,0.0,0.0
0,1,1,0.0,0.0,1.0,1.0,0.0,0.0
0,1,1,0.0,0.0,1.0,1.0,0.0,0.0
1,1,1,0.0,0.0,1.0,1.0,0.0,0.0
0,1,1,0.0,0.0,1.0,1.0,0.0,0.0
1,1,1,0.0,0.0,1.0,1.0,0.0,0.0
1,1,1,0.0,0.0,1.0,1.0,0.0,0.0
2,1,1,0.0,3e-45,1.0,1.0,0.0,0.0
0,1,1,0.0,0.0,1.0,1.0,0.0,0.0
2,1,1,0.0,0.0,1.0,1.0,0.0,0.0
2,1,1,0.0,0.0,1.0,1.0,0.0,0.0
0,1,1,0.0,0.0,1.0,1.0,0.0,0.0
1,1,1,0.0,0.0,1.0,1.0,0.0,0.0
0,1,1,0.0,0.0,1.0,1.0,0.0,0.0
1,1,1,0.0,0.0,1.0,1.0,0.0,0.0
1,1,1,0.0,0.0,1.0,1.0,0.0,0.0
2,1,1,0.0,0.0,1.0,1.0,0.0,0.0
0,1,1,0.0,0.0,1.0,1.0,0.0,0.0
1,1,1,0.0,0.0,1.0,1.0,0.0,0.0
2,1,1,0.0,0.0,1.0,1.0,0.0,0.0
0,1,1,0.0,0.0,1.0,1.0,0.0,0.0
0,1,1,0.0,0.0,1.0,1.0,0.0,0.0
1,1,1,0.0,0.0,1.0,1.0,0.0,0.0
1,1,1,0.0,0.0,1.0,1.0,0.0,0.0
0,1,1,0.0,0.0,1.0,1.0,0.0,0.0
0,1,1,0.0,0.0,1.0,1.0,0.0,0.0
0,1,1,0.0,0.0,1.0,1.0,0.0,0.0
2,1,1,0.0,0.0,1.0,1.0,0.0,0.0
2,1,1,0.0,0.0,1.0,1.0,0.0,0.0
2,1,1,0.0,0.0,1.0,1.0,0.0,0.0
2,1,1,0.0,0.0,1.0,1.0,0.0,0.0
0,1,1,0.0,0.0,1.0,1.0,0.0,0.0
0,1,1,0.0,0.0,1.0,1.0,0.0,0.0
0,1,1,0.0,0.0,1.0,1.0,0.0,0.0
2,1,1,0.0,0.0,1.0,1.0,0.0,0.0
1,1,1,0.0,0.0,1.0,1.0,0.0,0.0
2,1,1,0.0,0.0,1.0,1.0,0.0,0.0
2,1,1,0.0,0.0,1.0,1.0,0.0,0.0
1,1,1,0.0,0.0,1.0,1.0,0.0,0.0
1,1,1,0.0,0.0,1.0,1.0,0.0,0.0
2,1,1,0.0,0.0,1.0,1.0,0.0,0.0
2,1,1,0.0,0.0,1.0,1.0,0.0,0.0
2,1,1,0.0,0.0,1.0,1.0,0.0,0.0
0,1,1,0.0,0.0,1.0,1.0,0.0,0.0
0,1,1,0.0,0.0,1.0,1.0,0.0,0.0
2,1,1,0.0,0.0,1.0,1.0,0.0,0.0
0,1,1,0.0,0.0,1.0,1.0,0.0,0.0
2,1,1,0.0,0.0,1.0,1.0,0.0,0.0
1,1,1,0.0,0.0,1.0,1.0,0.0,0.0
2,1,1,1.8e-42,0.0,1.0,1.0,0.0,0.0
0,1,1,0.0,0.0,1.0,1.0,0.0,0.0
2,1,1,0.0,0.0,1.0,1.0,0.0,0.0
1,1,1,0.0,0.0,1.0,1.0,0.0,0.0
0,1,1,0.0,0.0,1.0,1.0,0.0,0.0
2,1,1,0.0,0.0,1.0,1.0,0.0,0.0
2,1,1,0.0,0.0,1.0,1.0,0.0,0.0
0,1,1,0.0,0.0,1.0,1.0,0.0,0.0
1,1,1,0.0,0.0,1.0,1.0,0.0,0.0
2,1,1,0.0,0.0,1.0,1.0,0.0,0.0
1,1,1,0.0,0.0,1.0,1.0,0.0,0.0
0,1,1,0.0,0.0,1.0,1.0,0.0,0.0
1,1,1,0.0,0.0,1.0,1.0,0.0,0.0
2,1,1,0.0,0.0,1.0,1.0,0.0,0.0
1,1,1,0.0,0.0,1.0,1.0,0.0,0.0
2,1,1,0.0,0.0,1.0,1.0,0.0,0.0
0,1,1,0.0,0.0,1.0,1.0,0.0,0.0
1,1,1,0.0,0.0,1.0,1.0,0.0,0.0
0,1,1,0.0,0.0,1.0,1.0,0.0,0.0
2,1,1,0.0,0.0,1.0,1.0,0.0,0.0
0,1,1,0.0,0.0,1.0,1.0,0.0,0.0
2,1,1,0.0,0.0,1.0,1.0,0.0,0.0
0,1,1,0.0,0.0,1.0,1.0,0.0,0.0
1,1,1,0.0,0.0,1.0,1.0,0.0,0.0
2,1,1,0.0,0.0,1.0,1.0,0.0,0.0
2,1,1,0.0,0.0,1.0,1.0,0.0,0.0
2,1,1,0.0,0.0,1.0,1.0,0.0,0.0
0,1,1,0.0,0.0,1.0,1.0,2.445443e-37,0.0
2,1,1,0.0,0.0,1.0,1.0,0.0,0.0
0,1,1,0.0,0.0,1.0,1.0,0.0,0.0
1,1,1,0.0,0.0,1.0,1.0,0.0,0.0
1,1,1,0.0,0.0,1.0,1.0,0.0,0.0
2,1,1,0.0,0.0,1.0,1.0,0.0,0.0
1,1,1,0.0,0.0,1.0,1.0,0.0,0.0
2,1,1,0.0,0.0,1.0,1.0,0.0,0.0
1,1,1,0.0,0.0,1.0,1.0,0.0,0.0
2,1,1,0.0,0.0,1.0,1.0,0.0,0.0
2,1,1,0.0,0.0,1.0,1.0,0.0,0.0
0,1,1,0.0,0.0,1.0,1.0,0.0,0.0
1,1,1,0.0,0.0,1.0,1.0,0.0,0.0
2,1,1,0.0,0.0,1.0,1.0,0.0,0.0
0,1,1,0.0,0.0,1.0,1.0,0.0,0.0
1,1,1,0.0,0.0,1.0,1.0,0.0,0.0
0,1,1,0.0,0.0,1.0,1.0,0.0,0.0
2,1,1,0.0,0.0,1.0,1.0,0.0,0.0
1,1,1,0.0,0.0,1.0,1.0,0.0,0.0
0,1,1,0.0,0.0,1.0,1.0,0.0,0.0
1,1,1,0.0,0.0,1.0,1.0,0.0,0.0
0,1,1,0.0,0.0,1.0,1.0,0.0,0.0
1,1,1,0.0,0.0,1.0,1.0,0.0,0.0
1,1,1,0.0,0.0,1.0,1.0,0.0,0.0
2,1,1,0.0,0.0,1.0,1.0,0.0,0.0
1,1,1,0.0,0.0,1.0,1.0,0.0,0.0
1,1,1,0.0,0.0,1.0,1.0,0.0,0.0
1,1,1,0.0,0.0,1.0,1.0,0.0,0.0
2,1,1,0.0,0.0,1.0,1.0,0.0,0.0
0,1,1,0.0,0.0,1.0,1.0,0.0,0.0
0,1,1,0.0,0.0,1.0,1.0,0.0,0.0
2,1,1,0.0,0.0,1.0,1.0,0.0,0.0
2,1,1,0.0,0.0,1.0,1.0,0.0,0.0
2,1,1,0.0,0.0,1.0,1.0,0.0,0.0
1,1,1,0.0,0.0,1.0,1.0,0.0,0.0
1,1,1,0.0,0.0,1.0,1.0,0.0,0.0
0,1,1,0.0,0.0,1.0,1.0,0.0,0.0
0,1,1,0.0,0.0,1.0,1.0,0.0,0.0
0,1,1,0.0,0.0,1.0,1.0,0.0,0.0
1,1,1,0.0,0.0,1.0,1.0,0.0,0.0
2,1,1,0.0,0.0,1.0,1.0,0.0,0.0
0,1,1,0.0,0.0,1.0,1.0,0.0,0.0
0,1,1,0.0,0.0,1.0,1.0,0.0,0.0
0,1,1,0.0,0.0,1.0,1.0,0.0,0.0
1,1,1,0.0,0.0,1.0,1.0,0.0,0.0
2,1,1,0.0,0.0,1.0,1.0,0.0,0.0
0,1,1,0.0,0.0,1.0,1.0,0.0,0.0
2,1,1,0.0,0.0,1.0,1.0,0.0,0.0
1,1,1,0.0,0.0,1.0,1.0,0.0,0.0
2,1,1,0.0,0.0,1.0,1.0,0.0,0.0
1,1,1,0.0,0.0,1.0,1.0,0.0,0.0
0,1,1,0.0,0.0,1.0,1.0,0.0,0.0
1,1,1,0.0,0.0,1.0,1.0,0.0,0.0
1,1,1,0.0,0.0,1.0,1.0,0.0,0.0
2,1,1,0.0,0.0,1.0,1.0,0.0,0.0
0,1,1,0.0,0.0,1.0,1.0,0.0,0.0
1,1,1,0.0,0.0,1.0,1.0,0.0,0.0
2,1,1,0.0,0.0,1.0,1.0,0.0,0.0
2,1,1,0.0,0.0,1.0,1.0,0.0,0.0
2,1,1,0.0,0.0,1.0,1.0,0.0,0.0
2,1,1,0.0,0.0,1.0,1.0,0.0,0.0
0,1,1,0.0,0.0,1.0,1.0,0.0,0.0
2,1,1,0.0,0.0,1.0,1.0,0.0,0.0
2,1,1,0.0,0.0,1.0,1.0,0.0,0.0
2,1,1,0.0,0.0,1.0,1.0,0.0,0.0
2,1,1,0.0,0.0,1.0,1.0,0.0,0.0
1,1,1,0.0,0.0,1.0,1.0,0.0,0.0
2,1,1,0.0,0.0,1.0,1.0,0.0,0.0
2,1,1,7e-45,0.0,1.0,1.0,0.0,0.0
2,1,1,8e-45,0.0,1.0,1.0,0.0,0.0
0,1,1,0.0,0.0,1.0,1.0,0.0,0.0
0,1,1,0.0,0.0,1.0,1.0,0.0,0.0
2,1,1,0.0,0.0,1.0,1.0,0.0,0.0
1,1,1,0.0,0.0,1.0,1.0,0.0,0.0
1,1,1,0.0,0.0,1.0,1.0,0.0,0.0
0,1,1,0.0,0.0,1.0,1.0,0.0,0.0
1,1,1,0.0,0.0,1.0,1.0,0.0,0.0
1,1,1,0.0,0.0,1.0,1.0,0.0,0.0
2,1,1,0.0,0.0,1.0,1.0,0.0,0.0
0,1,1,0.0,0.0,1.0,1.0,0.0,0.0
1,1,1,0.0,0.0,1.0,1.0,0.0,0.0
2,1,1,0.0,0.0,1.0,1.0,0.0,0.0
0,1,1,0.0,0.0,1.0,1.0,0.0,0.0
0,1,1,0.0,0.0,1.0,1.0,0.0,0.0
2,1,1,0.0,0.0,1.0,1.0,0.0,0.0
0,1,1,0.0,0.0,1.0,1.0,0.0,0.0
1,1,1,0.0,0.0,1.0,1.0,0.0,0.0
0,1,1,0.0,0.0,1.0,1.0,0.0,0.0
0,1,1,0.0,0.0,1.0,1.0,0.0,0.0
1,1,1,0.0,0.0,1.0,1.0,0.0,0.0
0,1,1,0.0,0.0,1.0,1.0,0.0,0.0
0,1,1,0.0,0.0,1.0,1.0,0.0,0.0
2,1,1,0.0,0.0,1.0,1.0,0.0,0.0
2,1,1,1e-45,0.0,1.0,1.0,0.0,0.0
0,1,1,0.0,0.0,1.0,1.0,0.0,0.0
0,1,1,0.0,0.0,1.0,1.0,0.0,0.0
0,1,1,0.0,0.0,1.0,1.0,0.0,0.0
2,1,1,0.0,0.0,1.0,1.0,0.0,0.0
0,1,1,0.0,0.0,1.0,1.0,0.0,0.0
2,1,1,0.0,0.0,1.0,1.0,0.0,0.0
2,1,1,0.0,0.0,1.0,1.0,0.0,0.0
2,1,1,0.0,0.0,1.0,1.0,0.0,0.0
2,1,1,0.0,0.0,1.0,1.0,0.0,0.0
2,1,1,0.0,0.0,1.0,1.0,0.0,0.0
1,1,1,0.0,0.0,1.0,1.0,0.0,0.0
0,1,1,0.0,0.0,1.0,1.0,0.0,0.0
2,1,1,0.0,0.0,1.0,1.0,0.0,0.0
2,1,1,0.0,0.0,1.0,1.0,0.0,0.0
1,1,1,0.0,0.0,1.0,1.0,0.0,0.0
2,1,1,0.0,0.0,1.0,1.0,0.0,0.0
1,1,1,0.0,0.0,1.0,1.0,0.0,0.0
1,1,1,0.0,0.0,1.0,1.0,0.0,0.0
0,1,1,0.0,0.0,1.0,1.0,0.0,0.0
2,1,1,0.0,0.0,1.0,1.0,0.0,0.0
2,1,1,0.0,0.0,1.0,1.0,0.0,0.0
1,1,1,0.0,0.0,1.0,1.0,0.0,0.0
0,1,1,0.0,0.0,1.0,1.0,0.0,0.0
0,1,1,0.0,0.0,1.0,1.0,0.0,0.0
2,1,1,0.0,0.0,1.0,1.0,0.0,0.0
0,1,1,0.0,0.0,1.0,1.0,0.0,0.0
0,1,1,0.0,0.0,1.0,1.0,0.0,0.0
0,1,1,0.0,0.0,1.0,1.0,0.0,0.0
1,1,1,0.0,0.0,1.0,1.0,0.0,0.0
2,1,1,0.0,0.0,1.0,1.0,0.0,0.0
1,1,1,0.0,0.0,1.0,1.0,0.0,0.0
0,1,1,0.0,0.0,1.0,1.0,0.0,0.0
1,1,1,0.0,0.0,1.0,1.0,0.0,0.0
2,1,1,0.0,0.0,1.0,1.0,0.0,0.0
0,1,1,0.0,0.0,1.0,1.0,0.0,0.0
0,1,1,0.0,0.0,1.0,1.0,0.0,0.0
2,1,1,0.0,0.0,1.0,1.0,0.0,0.0
2,1,1,0.0,0.0,1.0,1.0,0.0,0.0
0,1,1,0.0,0.0,1.0,1.0,0.0,0.0
0,1,1,0.0,0.0,1.0,1.0,0.0,0.0
2,1,1,0.0,0.0,1.0,1.0,0.0,0.0
1,1,1,0.0,0.0,1.0,1.0,0.0,0.0
1,1,1,0.0,0.0,1.0,1.0,0.0,0.0
0,1,1,0.0,0.0,1.0,1.0,0.0,0.0
1,1,1,0.0,0.0,1.0,1.0,0.0,0.0
0,1,1,0.0,0.0,1.0,1.0,0.0,0.0
0,1,1,0.0,0.0,1.0,1.0,0.0,0.0
1,1,1,0.0,0.0,1.0,1.0,0.0,0.0
1,1,1,0.0,0.0,1.0,1.0,0.0,0.0
0,1,1,0.0,0.0,1.0,1.0,0.0,0.0
1,1,1,0.0,0.0,1.0,1.0,0.0,0.0
0,1,1,0.0,0.0,1.0,1.0,0.0,0.0
1,1,1,0.0,0.0,1.0,1.0,0.0,0.0
0,1,1,0.0,0.0,1.0,1.0,0.0,0.0
2,1,1,0.0,0.0,1.0,1.0,0.0,0.0
0,1,1,0.0,0.0,1.0,1.0,0.0,0.0
0,1,1,0.0,0.0,1.0,1.0,0.0,0.0
2,1,1,0.0,0.0,1.0,1.0,0.0,0.0
0,1,1,0.0,0.0,1.0,1.0,0.0,0.0
0,1,1,0.0,0.0,1.0,1.0,0.0,0.0
1,1,1,0.0,0.0,1.0,1.0,0.0,0.0
2,1,1,0.0,0.0,1.0,1.0,0.0,0.0
0,1,1,0.0,0.0,1.0,1.0,0.0,0.0
0,1,1,0.0,0.0,1.0,1.0,0.0,0.0
1,1,1,0.0,0.0,1.0,1.0,0.0,0.0
1,1,1,0.0,0.0,1.0,1.0,0.0,0.0
1,1,1,0.0,0.0,1.0,1.0,0.0,0.0
0,1,1,0.0,0.0,1.0,1.0,0.0,0.0
2,1,1,0.0,0.0,1.0,1.0,0.0,0.0
1,1,1,0.0,0.0,1.0,1.0,0.0,0.0
2,1,1,0.0,0.0,1.0,1.0,0.0,0.0
2,1,1,0.0,0.0,1.0,1.0,0.0,0.0
2,1,1,0.0,0.0,1.0,1.0,0.0,0.0
2,1,1,0.0,0.0,1.0,1.0,0.0,0.0
0,1,1,0.0,0.0,1.0,1.0,0.0,0.0
2,1,1,0.0,0.0,1.0,1.0,0.0,0.0
2,1,1,0.0,0.0,1.0,1.0,0.0,0.0
0,1,1,0.0,0.0,1.0,1.0,0.0,0.0
2,1,1,0.0,0.0,1.0,1.0,0.0,0.0
1,1,1,0.0,0.0,1.0,1.0,0.0,0.0
2,1,1,0.0,0.0,1.0,1.0,0.0,0.0
1,1,1,0.0,0.0,1.0,1.0,0.0,0.0
1,1,1,0.0,0.0,1.0,1.0,0.0,0.0
1,1,1,0.0,0.0,1.0,1.0,0.0,0.0
1,1,1,0.0,0.0,1.0,1.0,0.0,0.0
0,1,1,0.0,0.0,1.0,1.0,0.0,0.0
0,1,1,0.0,0.0,1.0,1.0,0.0,0.0
1,1,1,0.0,0.0,1.0,1.0,0.0,0.0
1,1,1,0.0,0.0,1.0,1.0,0.0,0.0
1,1,1,0.0,0.0,1.0,1.0,0.0,0.0
1,1,1,0.0,0.0,1.0,1.0,0.0,0.0
1,1,1,0.0,0.0,1.0,1.0,0.0,0.0
1,1,1,0.0,0.0,1.0,1.0,0.0,0.0
1,1,1,0.0,0.0,1.0,1.0,0.0,0.0
0,1,1,0.0,0.0,1.0,1.0,0.0,0.0
2,1,1,0.0,0.0,1.0,1.0,0.0,0.0
1,1,1,0.0,0.0,1.0,1.0,0.0,0.0
1,1,1,0.0,0.0,1.0,1.0,0.0,0.0
0,1,1,2.142199e-39,0.0,1.0,1.0,0.0,0.0
2,1,1,0.0,0.0,1.0,1.0,0.0,0.0
2,1,1,0.0,0.0,1.0,1.0,0.0,0.0
1,1,1,0.0,0.0,1.0,1.0,0.0,0.0
1,1,1,0.0,0.0,1.0,1.0,0.0,0.0
1,1,1,0.0,0.0,1.0,1.0,0.0,0.0
2,1,1,0.0,0.0,1.0,1.0,0.0,0.0
0,1,1,0.0,0.0,1.0,1.0,0.0,0.0
2,1,1,0.0,0.0,1.0,1.0,0.0,0.0
0,1,1,0.0,0.0,1.0,1.0,0.0,0.0
1,1,1,0.0,0.0,1.0,1.0,0.0,0.0
1,1,1,0.0,0.0,1.0,1.0,0.0,0.0
0,1,1,0.0,0.0,1.0,1.0,0.0,0.0
0,1,1,0.0,0.0,1.0,1.0,0.0,0.0
2,1,1,0.0,0.0,1.0,1.0,0.0,0.0
2,1,1,0.0,0.0,1.0,1.0,0.0,0.0
1,1,1,0.0,0.0,1.0,1.0,0.0,0.0
0,1,1,0.0,0.0,1.0,1.0,0.0,0.0
1,1,1,0.0,0.0,1.0,1.0,0.0,0.0
0,1,1,0.0,0.0,1.0,1.0,0.0,0.0
0,1,1,0.0,0.0,1.0,1.0,0.0,0.0
1,1,1,0.0,0.0,1.0,1.0,0.0,0.0
0,1,1,0.0,0.0,1.0,1.0,0.0,0.0
2,1,1,0.0,0.0,1.0,1.0,0.0,0.0
2,1,1,0.0,0.0,1.0,1.0,0.0,0.0
1,1,1,0.0,0.0,1.0,1.0,0.0,0.0
2,1,1,0.0,0.0,1.0,1.0,0.0,0.0
0,1,1,0.0,0.0,1.0,1.0,0.0,0.0
1,1,1,0.0,0.0,1.0,1.0,0.0,0.0
0,1,1,0.0,0.0,1.0,1.0,0.0,0.0
1,1,1,0.0,0.0,1.0,1.0,0.0,0.0
2,1,1,0.0,0.0,1.0,1.0,0.0,0.0
2,1,1,0.0,0.0,1.0,1.0,0.0,0.0
0,1,1,0.0,0.0,1.0,1.0,0.0,0.0
2,1,1,0.0,0.0,1.0,1.0,0.0,0.0
2,1,1,0.0,0.0,1.0,1.0,0.0,0.0
2,1,1,0.0,0.0,1.0,1.0,0.0,0.0
0,1,1,0.0,0.0,1.0,1.0,0.0,0.0
0,1,1,0.0,0.0,1.0,1.0,0.0,0.0
2,1,1,0.0,0.0,1.0,1.0,0.0,0.0
0,1,1,0.0,0.0,1.0,1.0,0.0,0.0
2,1,1,0.0,0.0,1.0,1.0,0.0,0.0
1,1,1,0.0,0.0,1.0,1.0,0.0,0.0
2,1,1,0.0,0.0,1.0,1.0,0.0,0.0
0,1,1,0.0,0.0,1.0,1.0,0.0,0.0
1,1,1,0.0,0.0,1.0,1.0,0.0,0.0
2,1,1,0.0,0.0,1.0,1.0,0.0,0.0
0,1,1,0.0,0.0,1.0,1.0,0.0,0.0
2,1,1,0.0,0.0,1.0,1.0,0.0,0.0
1,1,1,0.0,0.0,1.0,1.0,0.0,0.0
2,1,1,0.0,0.0,1.0,1.0,0.0,0.0
2,1,1,0.0,0.0,1.0,1.0,0.0,0.0
0,1,1,0.0,0.0,1.0,1.0,0.0,0.0
0,1,1,0.0,0.0,1.0,1.0,0.0,0.0
1,1,1,0.0,0.0,1.0,1.0,0.0,0.0
2,1,1,0.0,0.0,1.0,1.0,0.0,0.0
0,1,1,0.0,0.0,1.0,1.0,0.0,0.0
0,1,1,0.0,0.0,1.0,1.0,0.0,0.0
1,1,1,0.0,0.0,1.0,1.0,0.0,0.0
2,1,1,0.0,0.0,1.0,1.0,0.0,0.0
1,1,1,0.0,0.0,1.0,1.0,0.0,0.0
2,1,1,0.0,0.0,1.0,1.0,0.0,0.0
0,1,1,0.0,0.0,1.0,1.0,0.0,0.0
1,1,1,0.0,0.0,1.0,1.0,0.0,0.0
1,1,1,0.0,0.0,1.0,1.0,0.0,0.0
2,1,1,7.684393e-39,1.7e-43,1.0,1.0,1.257e-42,0.0
1,1,1,0.0,0.0,1.0,1.0,0.0,0.0
0,1,1,1e-45,0.0,1.0,1.0,5.2e-44,0.0
2,1,1,0.0,0.0,1.0,1.0,0.0,0.0
2,1,1,0.0,0.0,1.0,1.0,0.0,0.0
1,1,1,0.0,0.0,1.0,1.0,0.0,0.0
1,1,1,0.0,0.0,1.0,1.0,0.0,0.0
2,1,1,0.0,0.0,1.0,1.0,0.0,0.0
1,1,1,0.0,0.0,1.0,1.0,0.0,0.0
2,1,1,0.0,0.0,1.0,1.0,0.0,0.0
1,1,1,0.0,0.0,1.0,1.0,0.0,0.0
2,1,1,0.0,0.0,1.0,1.0,0.0,0.0
2,1,1,0.0,0.0,1.0,1.0,0.0,0.0
0,1,1,0.0,0.0,1.0,1.0,0.0,0.0
2,1,1,1e-45,0.0,1.0,1.0,0.0,0.0
0,1,1,0.0,0.0,1.0,1.0,0.0,0.0
1,1,1,0.0,0.0,1.0,1.0,0.0,0.0
0,1,1,0.0,0.0,1.0,1.0,0.0,0.0
2,1,1,0.0,0.0,1.0,1.0,0.0,0.0
1,1,1,0.0,0.0,1.0,1.0,0.0,0.0
0,1,1,0.0,0.0,1.0,1.0,0.0,0.0
0,1,1,0.0,0.0,1.0,1.0,0.0,0.0
1,1,1,0.0,0.0,1.0,1.0,0.0,0.0
0,1,1,0.0,0.0,1.0,1.0,0.0,0.0
0,1,1,0.0,0.0,1.0,1.0,0.0,0.0
0,1,1,0.0,0.0,1.0,1.0,0.0,0.0
2,1,1,0.0,0.0,1.0,1.0,0.0,0.0
2,1,1,3.5e-44,0.0,1.0,1.0,0.0,0.0
0,1,1,0.0,0.0,1.0,1.0,0.0,0.0
1,1,1,0.0,0.0,1.0,1.0,0.0,0.0
2,1,1,0.0,0.0,1.0,1.0,0.0,0.0
2,1,1,0.0,0.0,1.0,1.0,0.0,0.0
0,1,1,0.0,0.0,1.0,1.0,0.0,0.0
0,1,1,0.0,0.0,1.0,1.0,0.0,0.0
0,1,1,0.0,0.0,1.0,1.0,0.0,0.0
1,1,1,0.0,0.0,1.0,1.0,0.0,0.0
0,1,1,0.0,0.0,1.0,1.0,0.0,0.0
1,1,1,0.0,0.0,1.0,1.0,0.0,0.0
0,1,1,0.0,0.0,1.0,1.0,0.0,0.0
1,1,1,0.0,0.0,1.0,1.0,0.0,0.0
2,1,1,0.0,0.0,1.0,1.0,0.0,0.0
1,1,1,0.0,0.0,1.0,1.0,0.0,0.0
0,1,1,0.0,0.0,1.0,1.0,0.0,0.0
2,1,1,0.0,0.0,1.0,1.0,0.0,0.0
2,1,1,0.0,0.0,1.0,1.0,0.0,0.0
0,1,1,0.0,0.0,1.0,1.0,0.0,0.0
2,1,1,0.0,0.0,1.0,1.0,0.0,0.0
2,1,1,0.0,0.0,1.0,1.0,0.0,0.0
1,1,1,0.0,0.0,1.0,1.0,0.0,0.0
1,1,1,0.0,0.0,1.0,1.0,0.0,0.0
0,1,1,1.4870823e-38,0.0,1.0,1.0,2.46914e-40,0.0
0,1,1,0.0,0.0,1.0,1.0,0.0,0.0
2,1,1,0.0,0.0,1.0,1.0,0.0,0.0
0,1,1,0.0,0.0,1.0,1.0,0.0,0.0
0,1,1,0.0,0.0,1.0,1.0,0.0,0.0
2,1,1,0.0,0.0,1.0,1.0,0.0,0.0
0,1,1,0.0,0.0,1.0,1.0,0.0,0.0
0,1,1,0.0,0.0,1.0,1.0,0.0,0.0
2,1,1,0.0,0.0,1.0,1.0,0.0,0.0
2,1,1,0.0,0.0,1.0,1.0,0.0,0.0
1,1,1,0.0,0.0,1.0,1.0,0.0,0.0
1,1,1,0.0,0.0,1.0,1.0,0.0,0.0
1,1,1,0.0,0.0,1.0,1.0,0.0,0.0
0,1,1,0.0,0.0,1.0,1.0,0.0,0.0
2,1,1,0.0,0.0,1.0,1.0,0.0,0.0
1,1,1,0.0,0.0,1.0,1.0,0.0,0.0
0,1,1,0.0,0.0,1.0,1.0,0.0,0.0
2,1,1,0.0,0.0,1.0,1.0,0.0,0.0
0,1,1,0.0,0.0,1.0,1.0,0.0,0.0
0,1,1,0.0,0.0,1.0,1.0,0.0,0.0
2,1,1,0.0,0.0,1.0,1.0,0.0,0.0
1,1,1,0.0,0.0,1.0,1.0,0.0,0.0
2,1,1,0.0,0.0,1.0,1.0,0.0,0.0
2,1,1,0.0,0.0,1.0,1.0,0.0,0.0
2,1,1,0.0,0.0,1.0,1.0,0.0,0.0
0,1,1,0.0,0.0,1.0,1.0,0.0,0.0
1,1,1,0.0,0.0,1.0,1.0,0.0,0.0
2,1,1,0.0,0.0,1.0,1.0,0.0,0.0
0,1,1,0.0,0.0,1.0,1.0,0.0,0.0
0,1,1,0.0,0.0,1.0,1.0,0.0,0.0
0,1,1,0.0,0.0,1.0,1.0,0.0,0.0
0,1,1,0.0,0.0,1.0,1.0,0.0,0.0
0,1,1,0.0,0.0,1.0,1.0,0.0,0.0
0,1,1,0.0,0.0,1.0,1.0,0.0,0.0
0,1,1,0.0,0.0,1.0,1.0,0.0,0.0
1,1,1,0.0,0.0,1.0,1.0,0.0,0.0
1,1,1,0.0,0.0,1.0,1.0,0.0,0.0
1,1,1,0.0,0.0,1.0,1.0,0.0,0.0
1,1,1,0.0,0.0,1.0,1.0,0.0,0.0
1,1,1,0.0,0.0,1.0,1.0,0.0,0.0
1,1,1,0.0,0.0,1.0,1.0,0.0,0.0
1,1,1,0.0,0.0,1.0,1.0,0.0,0.0
2,1,1,0.0,0.0,1.0,1.0,0.0,0.0
1,1,1,0.0,0.0,1.0,1.0,0.0,0.0
2,1,1,0.0,0.0,1.0,1.0,0.0,0.0
1,1,1,0.0,0.0,1.0,1.0,0.0,0.0
1,1,1,0.0,0.0,1.0,1.0,0.0,0.0
1,1,1,0.0,0.0,1.0,1.0,0.0,0.0
1,1,1,0.0,0.0,1.0,1.0,0.0,0.0
1,1,1,0.0,0.0,1.0,1.0,0.0,0.0
1,1,1,0.0,0.0,1.0,1.0,0.0,0.0
1,1,1,0.0,0.0,1.0,1.0,0.0,0.0
0,1,1,0.0,0.0,1.0,1.0,0.0,0.0
0,1,1,0.0,0.0,1.0,1.0,0.0,0.0
0,1,1,0.0,0.0,1.0,1.0,0.0,0.0
1,1,1,0.0,0.0,1.0,1.0,0.0,0.0
0,1,1,0.0,0.0,1.0,1.0,0.0,0.0
0,1,1,0.0,0.0,1.0,1.0,0.0,0.0
2,1,1,0.0,0.0,1.0,1.0,0.0,0.0
1,1,1,0.0,0.0,1.0,1.0,0.0,0.0
0,1,1,0.0,0.0,1.0,1.0,0.0,0.0
1,1,1,0.0,0.0,1.0,1.0,0.0,0.0
2,1,1,3.481e-42,0.0,1.0,1.0,0.0,0.0
2,1,1,0.0,0.0,1.0,1.0,0.0,0.0
1,1,1,0.0,0.0,1.0,1.0,0.0,0.0
1,1,1,0.0,0.0,1.0,1.0,0.0,0.0
1,1,1,0.0,0.0,1.0,1.0,0.0,0.0
0,1,1,0.0,0.0,1.0,1.0,0.0,0.0
0,1,1,0.0,0.0,1.0,1.0,0.0,0.0
0,1,1,0.0,0.0,1.0,1.0,0.0,0.0
0,1,1,0.0,0.0,1.0,1.0,0.0,0.0
1,1,1,0.0,0.0,1.0,1.0,0.0,0.0
0,1,1,0.0,0.0,1.0,1.0,0.0,0.0
1,1,1,0.0,0.0,1.0,1.0,0.0,0.0
0,1,1,0.0,0.0,1.0,1.0,0.0,0.0
2,1,1,0.0,0.0,1.0,1.0,0.0,0.0
0,1,1,0.0,0.0,1.0,1.0,0.0,0.0
0,1,1,0.0,0.0,1.0,1.0,0.0,0.0
0,1,1,0.0,0.0,1.0,1.0,0.0,0.0
0,1,1,0.0,0.0,1.0,1.0,0.0,0.0
0,1,1,0.0,0.0,1.0,1.0,0.0,0.0
2,1,1,0.0,0.0,1.0,1.0,0.0,0.0
1,1,1,0.0,0.0,1.0,1.0,0.0,0.0
2,1,1,0.0,0.0,1.0,1.0,0.0,0.0
1,1,1,0.0,0.0,1.0,1.0,0.0,0.0
2,1,1,0.0,0.0,1.0,1.0,0.0,0.0
0,1,1,0.0,0.0,1.0,1.0,0.0,0.0
1,1,1,0.0,0.0,1.0,1.0,0.0,0.0
0,1,1,0.0,0.0,1.0,1.0,0.0,0.0
1,1,1,0.0,0.0,1.0,1.0,0.0,0.0
1,1,1,0.0,0.0,1.0,1.0,0.0,0.0
2,1,1,0.0,0.0,1.0,1.0,0.0,0.0
2,1,1,0.0,0.0,1.0,1.0,0.0,0.0
2,1,1,0.0,0.0,1.0,1.0,0.0,0.0
1,1,1,0.0,0.0,1.0,1.0,0.0,0.0
1,1,1,0.0,0.0,1.0,1.0,0.0,0.0
2,1,1,0.0,0.0,1.0,1.0,0.0,0.0
1,1,1,0.0,0.0,1.0,1.0,0.0,0.0
1,1,1,0.0,0.0,1.0,1.0,0.0,0.0
2,1,1,0.0,0.0,1.0,1.0,0.0,0.0
0,1,1,0.0,0.0,1.0,1.0,0.0,0.0
1,1,1,0.0,0.0,1.0,1.0,0.0,0.0
0,1,1,0.0,0.0,1.0,1.0,0.0,0.0
0,1,1,0.0,0.0,1.0,1.0,0.0,0.0
0,1,1,0.0,0.0,1.0,1.0,0.0,0.0
1,1,1,0.0,0.0,1.0,1.0,0.0,0.0
0,1,1,0.0,0.0,1.0,1.0,0.0,0.0
1,1,1,0.0,0.0,1.0,1.0,0.0,0.0
2,1,1,0.0,0.0,1.0,1.0,0.0,0.0
2,1,1,0.0,0.0,1.0,1.0,0.0,0.0
2,1,1,0.0,0.0,1.0,1.0,0.0,0.0
1,1,1,0.0,0.0,1.0,1.0,0.0,0.0
2,1,1,0.0,0.0,1.0,1.0,0.0,0.0
1,1,1,0.0,0.0,1.0,1.0,0.0,0.0
0,1,1,0.0,0.0,1.0,1.0,0.0,0.0
2,1,1,0.0,0.0,1.0,1.0,0.0,0.0
0,1,1,0.0,0.0,1.0,1.0,0.0,0.0
0,1,1,0.0,0.0,1.0,1.0,0.0,0.0
0,1,1,0.0,0.0,1.0,1.0,0.0,0.0
1,1,1,0.0,0.0,1.0,1.0,0.0,0.0
2,1,1,0.0,0.0,1.0,1.0,0.0,0.0
2,1,1,0.0,0.0,1.0,1.0,0.0,0.0
1,1,1,0.0,0.0,1.0,1.0,0.0,0.0
0,1,1,0.0,0.0,1.0,1.0,0.0,0.0
1,1,1,0.0,0.0,1.0,1.0,0.0,0.0
0,1,1,0.0,0.0,1.0,1.0,0.0,0.0
2,1,1,0.0,0.0,1.0,1.0,0.0,0.0
0,1,1,0.0,0.0,1.0,1.0,0.0,0.0
1,1,1,0.0,0.0,1.0,1.0,0.0,0.0
1,1,1,0.0,0.0,1.0,1.0,0.0,0.0
1,1,1,0.0,0.0,1.0,1.0,0.0,0.0
0,1,1,0.0,0.0,1.0,1.0,0.0,0.0
0,1,1,0.0,0.0,1.0,1.0,0.0,0.0
0,1,1,0.0,0.0,1.0,1.0,0.0,0.0
1,1,1,0.0,0.0,1.0,1.0,0.0,0.0
2,1,1,0.0,0.0,1.0,1.0,0.0,0.0
0,1,1,0.0,0.0,1.0,1.0,1.2e-43,0.0
0,1,1,0.0,0.0,1.0,1.0,0.0,0.0
0,1,1,0.0,0.0,1.0,1.0,0.0,0.0
1,1,1,0.0,0.0,1.0,1.0,0.0,0.0
1,1,1,0.0,0.0,1.0,1.0,0.0,0.0
0,1,1,0.0,0.0,1.0,1.0,0.0,0.0
0,1,1,0.0,0.0,1.0,1.0,0.0,0.0
0,1,1,9.7e-44,0.0,1.0,1.0,0.0,0.0
2,1,1,0.0,0.0,1.0,1.0,0.0,0.0
2,1,1,0.0,0.0,1.0,1.0,0.0,0.0
1,1,1,0.0,0.0,1.0,1.0,0.0,0.0
1,1,1,0.0,0.0,1.0,1.0,0.0,0.0
1,1,1,0.0,0.0,1.0,1.0,0.0,0.0
2,1,1,0.0,0.0,1.0,1.0,0.0,0.0
2,1,1,0.0,0.0,1.0,1.0,0.0,0.0
1,1,1,0.0,0.0,1.0,1.0,0.0,0.0
2,1,1,0.0,0.0,1.0,1.0,0.0,0.0
2,1,1,0.0,0.0,1.0,1.0,0.0,0.0
1,1,1,0.0,0.0,1.0,1.0,0.0,0.0
2,1,1,0.0,0.0,1.0,1.0,0.0,0.0
0,1,1,0.0,0.0,1.0,1.0,0.0,0.0
1,1,1,0.0,0.0,1.0,1.0,0.0,0.0
0,1,1,0.0,0.0,1.0,1.0,0.0,0.0
0,1,1,0.0,0.0,1.0,1.0,0.0,0.0
1,1,1,0.0,0.0,1.0,1.0,0.0,0.0
1,1,1,0.0,0.0,1.0,1.0,0.0,0.0
2,1,1,0.0,0.0,1.0,1.0,0.0,0.0
0,1,1,0.0,0.0,1.0,1.0,0.0,0.0
0,1,1,0.0,0.0,1.0,1.0,0.0,0.0
1,1,1,0.0,0.0,1.0,1.0,0.0,0.0
0,1,1,0.0,0.0,1.0,1.0,0.0,0.0
1,1,1,0.0,0.0,1.0,1.0,0.0,0.0
1,1,1,0.0,0.0,1.0,1.0,0.0,0.0
1,1,1,0.0,0.0,1.0,1.0,0.0,0.0
2,1,1,0.0,0.0,1.0,1.0,0.0,0.0
1,1,1,0.0,0.0,1.0,1.0,0.0,0.0
1,1,1,0.0,0.0,1.0,1.0,0.0,0.0
1,1,1,0.0,0.0,1.0,1.0,0.0,0.0
2,1,1,1.284269e-39,0.0,1.0,1.0,0.0,0.0
2,1,1,0.0,0.0,1.0,1.0,0.0,0.0
2,1,1,0.0,0.0,1.0,1.0,0.0,0.0
2,1,1,0.0,0.0,1.0,1.0,0.0,0.0
2,1,1,0.0,0.0,1.0,1.0,0.0,0.0
0,1,1,0.0,0.0,1.0,1.0,0.0,0.0
2,1,1,1.0283174e-37,0.0,1.0,1.0,1e-45,0.0
2,1,1,0.0,0.0,1.0,1.0,0.0,0.0
1,1,1,0.0,0.0,1.0,1.0,0.0,0.0
0,1,1,0.0,0.0,1.0,1.0,0.0,0.0
2,1,1,0.0,0.0,1.0,1.0,0.0,0.0
2,1,1,0.0,0.0,1.0,1.0,0.0,0.0
2,1,1,0.0,0.0,1.0,1.0,0.0,0.0
1,1,1,0.0,0.0,1.0,1.0,0.0,0.0
0,1,1,0.0,0.0,1.0,1.0,0.0,0.0
2,1,1,0.0,0.0,1.0,1.0,0.0,0.0
0,1,1,0.0,0.0,1.0,1.0,0.0,0.0
0,1,1,0.0,0.0,1.0,1.0,0.0,0.0
2,1,1,0.0,0.0,1.0,1.0,0.0,0.0
1,1,1,0.0,0.0,1.0,1.0,0.0,0.0
0,1,1,0.0,0.0,1.0,1.0,0.0,0.0
2,1,1,0.0,0.0,1.0,1.0,0.0,0.0
0,1,1,0.0,0.0,1.0,1.0,0.0,0.0
1,1,1,0.0,0.0,1.0,1.0,0.0,0.0
1,1,1,0.0,0.0,1.0,1.0,0.0,0.0
0,1,1,0.0,0.0,1.0,1.0,0.0,0.0
1,1,1,0.0,0.0,1.0,1.0,0.0,0.0
0,1,1,0.0,0.0,1.0,1.0,0.0,0.0
1,1,1,0.0,0.0,1.0,1.0,0.0,0.0
1,1,1,0.0,0.0,1.0,1.0,0.0,0.0
2,1,1,0.0,0.0,1.0,1.0,0.0,0.0
1,1,1,0.0,0.0,1.0,1.0,0.0,0.0
2,1,1,0.0,0.0,1.0,1.0,0.0,0.0
0,1,1,0.0,0.0,1.0,1.0,0.0,0.0
2,1,1,0.0,0.0,1.0,1.0,0.0,0.0
0,1,1,0.0,0.0,1.0,1.0,0.0,0.0
2,1,1,0.0,0.0,1.0,1.0,0.0,0.0
2,1,1,0.0,0.0,1.0,1.0,0.0,0.0
1,1,1,0.0,0.0,1.0,1.0,0.0,0.0
1,1,1,0.0,0.0,1.0,1.0,0.0,0.0
0,1,1,0.0,0.0,1.0,1.0,0.0,0.0
0,1,1,0.0,0.0,1.0,1.0,0.0,0.0
2,1,1,0.0,0.0,1.0,1.0,0.0,0.0
2,1,1,0.0,0.0,1.0,1.0,0.0,0.0
0,1,1,0.0,0.0,1.0,1.0,0.0,0.0
2,1,1,0.0,0.0,1.0,1.0,0.0,0.0
1,1,1,0.0,0.0,1.0,1.0,0.0,0.0
2,1,1,0.0,0.0,1.0,1.0,0.0,0.0
1,1,1,0.0,0.0,1.0,1.0,0.0,0.0
1,1,1,0.0,0.0,1.0,1.0,0.0,0.0
1,1,1,0.0,0.0,1.0,1.0,0.0,0.0
1,1,1,0.0,0.0,1.0,1.0,0.0,0.0
1,1,1,0.0,0.0,1.0,1.0,0.0,0.0
2,1,1,0.0,0.0,1.0,1.0,0.0,0.0
1,1,1,0.0,0.0,1.0,1.0,0.0,0.0
2,1,1,0.0,0.0,1.0,1.0,0.0,0.0
2,1,1,0.0,0.0,1.0,1.0,0.0,0.0
1,1,1,0.0,0.0,1.0,1.0,0.0,0.0
2,1,1,4e-44,0.0,1.0,1.0,0.0,0.0
2,1,1,0.0,0.0,1.0,1.0,0.0,0.0
0,1,1,0.0,0.0,1.0,1.0,0.0,0.0
2,1,1,1.106e-42,0.0,1.0,1.0,0.0,0.0
2,1,1,0.0,0.0,1.0,1.0,0.0,0.0
0,1,1,0.0,0.0,1.0,1.0,0.0,0.0
0,1,1,0.0,0.0,1.0,1.0,0.0,0.0
1,1,1,0.0,0.0,1.0,1.0,0.0,0.0
2,1,1,0.0,0.0,1.0,1.0,0.0,0.0
0,1,1,0.0,0.0,1.0,1.0,0.0,0.0
0,1,1,0.0,0.0,1.0,1.0,0.0,0.0
2,1,1,0.0,0.0,1.0,1.0,0.0,0.0
2,1,1,0.0,0.0,1.0,1.0,0.0,0.0
1,1,1,0.0,0.0,1.0,1.0,0.0,0.0
0,1,1,0.0,0.0,1.0,1.0,0.0,0.0
2,1,1,0.0,0.0,1.0,1.0,0.0,0.0
2,1,1,0.0,0.0,1.0,1.0,0.0,0.0
2,1,1,0.0,0.0,1.0,1.0,0.0,0.0
2,1,1,0.0,0.0,1.0,1.0,0.0,0.0
0,1,1,0.0,0.0,1.0,1.0,0.0,0.0
2,1,1,0.0,0.0,1.0,1.0,0.0,0.0
2,1,1,0.0,0.0,1.0,1.0,0.0,0.0
1,1,1,0.0,0.0,1.0,1.0,0.0,0.0
2,1,1,0.0,0.0,1.0,1.0,0.0,0.0
1,1,1,0.0,0.0,1.0,1.0,0.0,0.0
1,1,1,0.0,0.0,1.0,1.0,0.0,0.0
2,1,1,0.0,0.0,1.0,1.0,0.0,0.0
1,1,1,0.0,0.0,1.0,1.0,0.0,0.0
2,1,1,0.0,0.0,1.0,1.0,0.0,0.0
0,1,1,0.0,0.0,1.0,1.0,0.0,0.0
0,1,1,0.0,0.0,1.0,1.0,0.0,0.0
0,1,1,0.0,0.0,1.0,1.0,0.0,0.0
2,1,1,0.0,0.0,1.0,1.0,0.0,0.0
2,1,1,0.0,0.0,1.0,1.0,0.0,0.0
2,1,1,0.0,0.0,1.0,1.0,0.0,0.0
2,1,1,0.0,0.0,1.0,1.0,0.0,0.0
1,1,1,0.0,0.0,1.0,1.0,0.0,0.0
0,1,1,0.0,0.0,1.0,1.0,0.0,0.0
2,1,1,0.0,0.0,1.0,1.0,0.0,0.0
1,1,1,0.0,0.0,1.0,1.0,0.0,0.0
0,1,1,0.0,0.0,1.0,1.0,0.0,0.0
1,1,1,0.0,0.0,1.0,1.0,0.0,0.0
0,1,1,0.0,0.0,1.0,1.0,0.0,0.0
1,1,1,0.0,0.0,1.0,1.0,0.0,0.0
0,1,1,0.0,0.0,1.0,1.0,0.0,0.0
0,1,1,0.0,0.0,1.0,1.0,0.0,0.0
0,1,1,0.0,0.0,1.0,1.0,0.0,0.0
0,1,1,0.0,0.0,1.0,1.0,0.0,0.0
0,1,1,0.0,0.0,1.0,1.0,0.0,0.0
1,1,1,7.6194e-41,0.0,1.0,1.0,0.0,0.0
1,1,1,0.0,0.0,1.0,1.0,0.0,0.0
1,1,1,0.0,0.0,1.0,1.0,0.0,0.0
0,1,1,0.0,0.0,1.0,1.0,0.0,0.0
1,1,1,0.0,0.0,1.0,1.0,0.0,0.0
2,1,1,0.0,0.0,1.0,1.0,0.0,0.0
0,1,1,0.0,0.0,1.0,1.0,0.0,0.0
1,1,1,0.0,0.0,1.0,1.0,0.0,0.0
0,1,1,0.0,0.0,1.0,1.0,0.0,0.0
1,1,1,0.0,0.0,1.0,1.0,0.0,0.0
0,1,1,0.0,0.0,1.0,1.0,0.0,0.0
0,1,1,0.0,0.0,1.0,1.0,0.0,0.0
1,1,1,0.0,0.0,1.0,1.0,0.0,0.0
2,1,1,0.0,0.0,1.0,1.0,0.0,0.0
1,1,1,0.0,0.0,1.0,1.0,0.0,0.0
2,1,1,0.0,0.0,1.0,1.0,0.0,0.0
2,1,1,0.0,0.0,1.0,1.0,0.0,0.0
0,1,1,0.0,0.0,1.0,1.0,0.0,0.0
0,1,1,0.0,0.0,1.0,1.0,0.0,0.0
0,1,1,0.0,0.0,1.0,1.0,0.0,0.0
0,1,1,0.0,0.0,1.0,1.0,0.0,0.0
0,1,1,0.0,0.0,1.0,1.0,0.0,0.0
1,1,1,0.0,0.0,1.0,1.0,0.0,0.0
1,1,1,0.0,0.0,1.0,1.0,0.0,0.0
0,1,1,0.0,0.0,1.0,1.0,0.0,0.0
2,1,1,0.0,0.0,1.0,1.0,0.0,0.0
2,1,1,0.0,0.0,1.0,1.0,0.0,0.0
1,1,1,0.0,0.0,1.0,1.0,0.0,0.0
1,1,1,0.0,0.0,1.0,1.0,0.0,0.0
2,1,1,0.0,0.0,1.0,1.0,0.0,0.0
1,1,1,0.0,0.0,1.0,1.0,0.0,0.0
2,1,1,0.0,0.0,1.0,1.0,0.0,0.0
0,1,1,0.0,0.0,1.0,1.0,0.0,0.0
0,1,1,0.0,0.0,1.0,1.0,0.0,0.0
1,1,1,0.0,0.0,1.0,1.0,0.0,0.0
2,1,1,0.0,0.0,1.0,1.0,0.0,0.0
2,1,1,0.0,0.0,1.0,1.0,0.0,0.0
1,1,1,0.0,0.0,1.0,1.0,0.0,0.0
2,1,1,0.0,0.0,1.0,1.0,0.0,0.0
2,1,1,0.0,0.0,1.0,1.0,0.0,0.0
2,1,1,0.0,0.0,1.0,1.0,0.0,0.0
1,1,1,0.0,0.0,1.0,1.0,0.0,0.0
1,1,1,0.0,0.0,1.0,1.0,0.0,0.0
0,1,1,0.0,0.0,1.0,1.0,0.0,0.0
1,1,1,0.0,0.0,1.0,1.0,0.0,0.0
2,1,1,0.0,0.0,1.0,1.0,0.0,0.0
0,1,1,0.0,0.0,1.0,1.0,0.0,0.0
1,1,1,0.0,0.0,1.0,1.0,0.0,0.0
1,1,1,0.0,0.0,1.0,1.0,0.0,0.0
0,1,1,0.0,0.0,1.0,1.0,0.0,0.0
1,1,1,0.0,0.0,1.0,1.0,0.0,0.0
0,1,1,0.0,0.0,1.0,1.0,0.0,0.0
0,1,1,0.0,0.0,1.0,1.0,0.0,0.0
2,1,1,0.0,0.0,1.0,1.0,0.0,0.0
2,1,1,0.0,0.0,1.0,1.0,0.0,0.0
2,1,1,0.0,0.0,1.0,1.0,0.0,0.0
0,1,1,0.0,0.0,1.0,1.0,0.0,0.0
0,1,1,0.0,0.0,1.0,1.0,0.0,0.0
2,1,1,0.0,0.0,1.0,1.0,0.0,0.0
1,1,1,0.0,0.0,1.0,1.0,0.0,0.0
2,1,1,0.0,0.0,1.0,1.0,0.0,0.0
1,1,1,0.0,0.0,1.0,1.0,0.0,0.0
0,1,1,0.0,0.0,1.0,1.0,0.0,0.0
1,1,1,0.0,0.0,1.0,1.0,0.0,0.0
1,1,1,0.0,0.0,1.0,1.0,0.0,0.0
1,1,1,0.0,0.0,1.0,1.0,0.0,0.0
2,1,1,0.0,0.0,1.0,1.0,0.0,0.0
1,1,1,0.0,0.0,1.0,1.0,0.0,0.0
1,1,1,0.0,0.0,1.0,1.0,0.0,0.0
0,1,1,0.0,0.0,1.0,1.0,0.0,0.0
0,1,1,0.0,0.0,1.0,1.0,0.0,0.0
1,1,1,0.0,0.0,1.0,1.0,0.0,0.0
2,1,1,0.0,0.0,1.0,1.0,0.0,0.0
2,1,1,0.0,0.0,1.0,1.0,0.0,0.0
2,1,1,0.0,0.0,1.0,1.0,0.0,0.0
2,1,1,7.3e-44,0.0,1.0,1.0,0.0,0.0
2,1,1,0.0,0.0,1.0,1.0,0.0,0.0
2,1,1,0.0,0.0,1.0,1.0,0.0,0.0
1,1,1,0.0,0.0,1.0,1.0,0.0,0.0
2,1,1,0.0,0.0,1.0,1.0,0.0,0.0
2,1,1,0.0,0.0,1.0,1.0,0.0,0.0
2,1,1,0.0,0.0,1.0,1.0,0.0,0.0
1,1,1,0.0,0.0,1.0,1.0,0.0,0.0
0,1,1,0.0,0.0,1.0,1.0,0.0,0.0
0,1,1,0.0,0.0,1.0,1.0,0.0,0.0
2,1,1,0.0,0.0,1.0,1.0,0.0,0.0
0,1,1,0.0,0.0,1.0,1.0,0.0,0.0
2,1,1,0.0,0.0,1.0,1.0,0.0,0.0
0,1,1,0.0,0.0,1.0,1.0,0.0,0.0
2,1,1,0.0,0.0,1.0,1.0,0.0,0.0
1,1,1,0.0,0.0,1.0,1.0,0.0,0.0
0,1,1,0.0,0.0,1.0,1.0,0.0,0.0
1,1,1,0.0,0.0,1.0,1.0,0.0,0.0
0,1,1,0.0,0.0,1.0,1.0,0.0,0.0
1,1,1,0.0,0.0,1.0,1.0,0.0,0.0
2,1,1,0.0,0.0,1.0,1.0,0.0,0.0
2,1,1,0.0,0.0,1.0,1.0,0.0,0.0
1,1,1,0.0,0.0,1.0,1.0,0.0,0.0
1,1,1,0.0,0.0,1.0,1.0,0.0,0.0
2,1,1,0.0,0.0,1.0,1.0,0.0,0.0
1,1,1,0.0,0.0,1.0,1.0,0.0,0.0
0,1,1,0.0,0.0,1.0,1.0,0.0,0.0
1,1,1,0.0,0.0,1.0,1.0,0.0,0.0
1,1,1,0.0,0.0,1.0,1.0,0.0,0.0
2,1,1,0.0,0.0,1.0,1.0,0.0,0.0
1,1,1,0.0,0.0,1.0,1.0,0.0,0.0
0,1,1,0.0,0.0,1.0,1.0,0.0,0.0
2,1,1,0.0,0.0,1.0,1.0,0.0,0.0
1,1,1,0.0,0.0,1.0,1.0,0.0,0.0
1,1,1,0.0,0.0,1.0,1.0,0.0,0.0
2,1,1,0.0,0.0,1.0,1.0,0.0,0.0
1,1,1,0.0,0.0,1.0,1.0,0.0,0.0
0,1,1,0.0,0.0,1.0,1.0,0.0,0.0
0,1,1,0.0,0.0,1.0,1.0,0.0,0.0
2,1,1,0.0,0.0,1.0,1.0,0.0,0.0
2,1,1,0.0,0.0,1.0,1.0,0.0,0.0
1,1,1,0.0,0.0,1.0,1.0,0.0,0.0
0,1,1,0.0,0.0,1.0,1.0,0.0,0.0
1,1,1,0.0,0.0,1.0,1.0,0.0,0.0
2,1,1,0.0,0.0,1.0,1.0,0.0,0.0
1,1,1,0.0,0.0,1.0,1.0,0.0,0.0
0,1,1,0.0,0.0,1.0,1.0,0.0,0.0
2,1,1,0.0,0.0,1.0,1.0,0.0,0.0
2,1,1,0.0,0.0,1.0,1.0,0.0,0.0
0,1,1,0.0,0.0,1.0,1.0,0.0,0.0
1,1,1,0.0,0.0,1.0,1.0,0.0,0.0
2,1,1,0.0,0.0,1.0,1.0,0.0,0.0
0,1,1,0.0,0.0,1.0,1.0,0.0,0.0
2,1,1,0.0,0.0,1.0,1.0,0.0,0.0
1,1,1,0.0,0.0,1.0,1.0,0.0,0.0
0,1,1,0.0,0.0,1.0,1.0,0.0,0.0
1,1,1,0.0,0.0,1.0,1.0,0.0,0.0
0,1,1,0.0,0.0,1.0,1.0,0.0,0.0
2,1,1,0.0,0.0,1.0,1.0,0.0,0.0
1,1,1,0.0,0.0,1.0,1.0,0.0,0.0
2,1,1,0.0,0.0,1.0,1.0,0.0,0.0
0,1,1,0.0,0.0,1.0,1.0,0.0,0.0
0,1,1,0.0,0.0,1.0,1.0,0.0,0.0
1,1,1,0.0,0.0,1.0,1.0,0.0,0.0
1,1,1,0.0,0.0,1.0,1.0,0.0,0.0
0,1,1,0.0,0.0,1.0,1.0,0.0,0.0
2,1,1,0.0,0.0,1.0,1.0,0.0,0.0
0,1,1,0.0,0.0,1.0,1.0,0.0,0.0
2,1,1,0.0,0.0,1.0,1.0,0.0,0.0
0,1,1,0.0,0.0,1.0,1.0,0.0,0.0
0,1,1,0.0,0.0,1.0,1.0,0.0,0.0
1,1,1,0.0,0.0,1.0,1.0,0.0,0.0
1,1,1,0.0,0.0,1.0,1.0,0.0,0.0
2,1,1,0.0,0.0,1.0,1.0,0.0,0.0
2,1,1,0.0,0.0,1.0,1.0,0.0,0.0
0,1,1,0.0,0.0,1.0,1.0,0.0,0.0
0,1,1,0.0,0.0,1.0,1.0,0.0,0.0
2,1,1,0.0,0.0,1.0,1.0,0.0,0.0
0,1,1,0.0,0.0,1.0,1.0,0.0,0.0
2,1,1,0.0,0.0,1.0,1.0,0.0,0.0
2,1,1,0.0,0.0,1.0,1.0,0.0,0.0
1,1,1,0.0,0.0,1.0,1.0,0.0,0.0
2,1,1,0.0,0.0,1.0,1.0,0.0,0.0
0,1,1,0.0,0.0,1.0,1.0,0.0,0.0
0,1,1,0.0,0.0,1.0,1.0,0.0,0.0
0,1,1,0.0,0.0,1.0,1.0,0.0,0.0
0,1,1,0.0,0.0,1.0,1.0,0.0,0.0
0,1,1,0.0,0.0,1.0,1.0,0.0,0.0
1,1,1,0.0,0.0,1.0,1.0,0.0,0.0
0,1,1,0.0,0.0,1.0,1.0,0.0,0.0
0,1,1,0.0,0.0,1.0,1.0,0.0,0.0
0,1,1,0.0,0.0,1.0,1.0,0.0,0.0
2,1,1,0.0,0.0,1.0,1.0,0.0,0.0
1,1,1,0.0,0.0,1.0,1.0,0.0,0.0
0,1,1,0.0,0.0,1.0,1.0,0.0,0.0
1,1,1,0.0,0.0,1.0,1.0,0.0,0.0
2,1,1,0.0,0.0,1.0,1.0,0.0,0.0
2,1,1,0.0,0.0,1.0,1.0,0.0,0.0
0,1,1,0.0,0.0,1.0,1.0,0.0,0.0
0,1,1,0.0,0.0,1.0,1.0,0.0,0.0
0,1,1,0.0,0.0,1.0,1.0,0.0,0.0
1,1,1,0.0,0.0,1.0,1.0,0.0,0.0
1,1,1,0.0,0.0,1.0,1.0,0.0,0.0
2,1,1,0.0,0.0,1.0,1.0,0.0,0.0
1,1,1,0.0,0.0,1.0,1.0,0.0,0.0
0,1,1,0.0,0.0,1.0,1.0,0.0,0.0
2,1,1,0.0,0.0,1.0,1.0,0.0,0.0
1,1,1,0.0,0.0,1.0,1.0,0.0,0.0
2,1,1,0.0,0.0,1.0,1.0,0.0,0.0
0,1,1,0.0,0.0,1.0,1.0,0.0,0.0
2,1,1,0.0,0.0,1.0,1.0,0.0,0.0
1,1,1,0.0,0.0,1.0,1.0,0.0,0.0
2,1,1,0.0,0.0,1.0,1.0,0.0,0.0
1,1,1,0.0,0.0,1.0,1.0,0.0,0.0
2,1,1,0.0,0.0,1.0,1.0,0.0,0.0
0,1,1,0.0,0.0,1.0,1.0,0.0,0.0
2,1,1,0.0,0.0,1.0,1.0,0.0,0.0
2,1,1,0.0,0.0,1.0,1.0,0.0,0.0
0,1,1,0.0,0.0,1.0,1.0,0.0,0.0
0,1,1,0.0,0.0,1.0,1.0,0.0,0.0
0,1,1,0.0,0.0,1.0,1.0,0.0,0.0
2,1,1,0.0,0.0,1.0,1.0,0.0,0.0
1,1,1,0.0,0.0,1.0,1.0,0.0,0.0
0,1,1,0.0,0.0,1.0,1.0,0.0,0.0
0,1,1,0.0,0.0,1.0,1.0,0.0,0.0
0,1,1,0.0,0.0,1.0,1.0,0.0,0.0
1,1,1,0.0,0.0,1.0,1.0,0.0,0.0
0,1,1,0.0,0.0,1.0,1.0,0.0,0.0
0,1,1,0.0,0.0,1.0,1.0,0.0,0.0
0,1,1,0.0,0.0,1.0,1.0,0.0,0.0
1,1,1,0.0,0.0,1.0,1.0,0.0,0.0
0,1,1,3.5e-44,0.0,1.0,1.0,0.0,0.0
1,1,1,0.0,0.0,1.0,1.0,0.0,0.0
1,1,1,0.0,0.0,1.0,1.0,0.0,0.0
2,1,1,0.0,0.0,1.0,1.0,0.0,0.0
2,1,1,0.0,0.0,1.0,1.0,0.0,0.0
0,1,1,0.0,0.0,1.0,1.0,0.0,0.0
2,1,1,0.0,0.0,1.0,1.0,0.0,0.0
2,1,1,0.0,0.0,1.0,1.0,0.0,0.0
2,1,1,0.0,0.0,1.0,1.0,0.0,0.0
1,1,1,0.0,0.0,1.0,1.0,0.0,0.0
0,1,1,0.0,0.0,1.0,1.0,0.0,0.0
1,1,1,0.0,0.0,1.0,1.0,0.0,0.0
2,1,1,0.0,0.0,1.0,1.0,0.0,0.0
2,1,1,0.0,0.0,1.0,1.0,0.0,0.0
0,1,1,0.0,0.0,1.0,1.0,0.0,0.0
0,1,1,0.0,0.0,1.0,1.0,0.0,0.0
1,1,1,0.0,0.0,1.0,1.0,0.0,0.0
2,1,1,0.0,0.0,1.0,1.0,0.0,0.0
1,1,1,0.0,0.0,1.0,1.0,0.0,0.0
2,1,1,0.0,0.0,1.0,1.0,0.0,0.0
2,1,1,0.0,0.0,1.0,1.0,0.0,0.0
2,1,1,0.0,0.0,1.0,1.0,0.0,0.0
1,1,1,0.0,0.0,1.0,1.0,0.0,0.0
1,1,1,0.0,0.0,1.0,1.0,0.0,0.0
1,1,1,0.0,0.0,1.0,1.0,0.0,0.0
2,1,1,0.0,0.0,1.0,1.0,0.0,0.0
2,1,1,3.27e-43,0.0,1.0,1.0,0.0,0.0
0,1,1,0.0,0.0,1.0,1.0,0.0,0.0
0,1,1,0.0,0.0,1.0,1.0,0.0,0.0
2,1,1,2.1094e-41,0.0,1.0,1.0,0.0,0.0
0,1,1,0.0,0.0,1.0,1.0,0.0,0.0
1,1,1,0.0,0.0,1.0,1.0,0.0,0.0
0,1,1,0.0,0.0,1.0,1.0,0.0,0.0
2,1,1,0.0,0.0,1.0,1.0,0.0,0.0
2,1,1,0.0,0.0,1.0,1.0,0.0,0.0
1,1,1,0.0,0.0,1.0,1.0,0.0,0.0
0,1,1,0.0,0.0,1.0,1.0,0.0,0.0
2,1,1,0.0,0.0,1.0,1.0,0.0,0.0
2,1,1,0.0,0.0,1.0,1.0,0.0,0.0
2,1,1,0.0,0.0,1.0,1.0,0.0,0.0
2,1,1,0.0,0.0,1.0,1.0,0.0,0.0
2,1,1,0.0,0.0,1.0,1.0,0.0,0.0
0,1,1,0.0,0.0,1.0,1.0,0.0,0.0
0,1,1,0.0,0.0,1.0,1.0,0.0,0.0
0,1,1,0.0,0.0,1.0,1.0,0.0,0.0
1,1,1,0.0,0.0,1.0,1.0,0.0,0.0
1,1,1,0.0,0.0,1.0,1.0,0.0,0.0
1,1,1,0.0,0.0,1.0,1.0,0.0,0.0
0,1,1,0.0,0.0,1.0,1.0,0.0,0.0
0,1,1,0.0,0.0,1.0,1.0,0.0,0.0
0,1,1,0.0,0.0,1.0,1.0,0.0,0.0
2,1,1,0.0,0.0,1.0,1.0,0.0,0.0
0,1,1,0.0,0.0,1.0,1.0,0.0,0.0
2,1,1,0.0,0.0,1.0,1.0,0.0,0.0
2,1,1,0.0,0.0,1.0,1.0,0.0,0.0
1,1,1,0.0,0.0,1.0,1.0,0.0,0.0
0,1,1,0.0,0.0,1.0,1.0,0.0,0.0
0,1,1,0.0,0.0,1.0,1.0,0.0,0.0
1,1,1,0.0,0.0,1.0,1.0,0.0,0.0
1,1,1,0.0,0.0,1.0,1.0,0.0,0.0
1,1,1,0.0,0.0,1.0,1.0,0.0,0.0
2,1,1,0.0,0.0,1.0,1.0,0.0,0.0
0,1,1,0.0,0.0,1.0,1.0,0.0,0.0
0,1,1,0.0,0.0,1.0,1.0,0.0,0.0
2,1,1,0.0,0.0,1.0,1.0,0.0,0.0
2,1,1,0.0,0.0,1.0,1.0,0.0,0.0
1,1,1,0.0,0.0,1.0,1.0,0.0,0.0
0,1,1,0.0,0.0,1.0,1.0,0.0,0.0
2,1,1,0.0,0.0,1.0,1.0,0.0,0.0
1,1,1,0.0,0.0,1.0,1.0,0.0,0.0
1,1,1,0.0,0.0,1.0,1.0,0.0,0.0
2,1,1,0.0,0.0,1.0,1.0,0.0,0.0
1,1,1,0.0,0.0,1.0,1.0,0.0,0.0
1,1,1,0.0,0.0,1.0,1.0,0.0,0.0
0,1,1,0.0,0.0,1.0,1.0,0.0,0.0
2,1,1,0.0,0.0,1.0,1.0,0.0,0.0
2,1,1,0.0,0.0,1.0,1.0,0.0,0.0
0,1,1,0.0,0.0,1.0,1.0,0.0,0.0
1,1,1,0.0,0.0,1.0,1.0,0.0,0.0
0,1,1,0.0,0.0,1.0,1.0,0.0,0.0
1,1,1,0.0,0.0,1.0,1.0,0.0,0.0
1,1,1,0.0,0.0,1.0,1.0,0.0,0.0
2,1,1,0.0,0.0,1.0,1.0,0.0,0.0
1,1,1,0.0,0.0,1.0,1.0,0.0,0.0
1,1,1,0.0,0.0,1.0,1.0,0.0,0.0
0,1,1,0.0,0.0,1.0,1.0,0.0,0.0
1,1,1,0.0,0.0,1.0,1.0,0.0,0.0
1,1,1,0.0,0.0,1.0,1.0,0.0,0.0
1,1,1,0.0,0.0,1.0,1.0,0.0,0.0
2,1,1,0.0,0.0,1.0,1.0,0.0,0.0
2,1,1,2.19e-42,0.0,1.0,1.0,0.0,0.0
2,1,1,0.0,0.0,1.0,1.0,0.0,0.0
1,1,1,0.0,0.0,1.0,1.0,0.0,0.0
0,1,1,0.0,0.0,1.0,1.0,0.0,0.0
1,1,1,0.0,0.0,1.0,1.0,0.0,0.0
1,1,1,0.0,0.0,1.0,1.0,0.0,0.0
1,1,1,0.0,0.0,1.0,1.0,0.0,0.0
1,1,1,0.0,0.0,1.0,1.0,0.0,0.0
1,1,1,0.0,0.0,1.0,1.0,0.0,0.0
0,1,1,0.0,0.0,1.0,1.0,0.0,0.0
2,1,1,0.0,0.0,1.0,1.0,0.0,0.0
0,1,1,0.0,0.0,1.0,1.0,0.0,0.0
0,1,1,0.0,0.0,1.0,1.0,0.0,0.0
1,1,1,0.0,0.0,1.0,1.0,0.0,0.0
0,1,1,0.0,0.0,1.0,1.0,0.0,0.0
0,1,1,0.0,0.0,1.0,1.0,0.0,0.0
0,1,1,0.0,0.0,1.0,1.0,0.0,0.0
0,1,1,0.0,0.0,1.0,1.0,0.0,0.0
2,1,1,1.64e-43,0.0,1.0,1.0,0.0,0.0
0,1,1,0.0,0.0,1.0,1.0,0.0,0.0
1,1,1,0.0,0.0,1.0,1.0,0.0,0.0
0,1,1,0.0,0.0,1.0,1.0,0.0,0.0
0,1,1,0.0,0.0,1.0,1.0,0.0,0.0
0,1,1,0.0,0.0,1.0,1.0,0.0,0.0
0,1,1,0.0,0.0,1.0,1.0,0.0,0.0
1,1,1,0.0,0.0,1.0,1.0,0.0,0.0
2,1,1,0.0,0.0,1.0,1.0,0.0,0.0
1,1,1,0.0,0.0,1.0,1.0,0.0,0.0
1,1,1,0.0,0.0,1.0,1.0,0.0,0.0
0,1,1,0.0,0.0,1.0,1.0,0.0,0.0
2,1,1,0.0,0.0,1.0,1.0,0.0,0.0
2,1,1,0.0,0.0,1.0,1.0,0.0,0.0
1,1,1,0.0,0.0,1.0,1.0,0.0,0.0
2,1,1,0.0,0.0,1.0,1.0,0.0,0.0
1,1,1,0.0,0.0,1.0,1.0,0.0,0.0
1,1,1,0.0,0.0,1.0,1.0,0.0,0.0
0,1,1,0.0,0.0,1.0,1.0,0.0,0.0
2,1,1,0.0,0.0,1.0,1.0,0.0,0.0
1,1,1,0.0,0.0,1.0,1.0,0.0,0.0
2,1,1,0.0,0.0,1.0,1.0,0.0,0.0
0,1,1,0.0,0.0,1.0,1.0,0.0,0.0
1,1,1,0.0,0.0,1.0,1.0,0.0,0.0
1,1,1,0.0,0.0,1.0,1.0,0.0,0.0
0,1,1,0.0,0.0,1.0,1.0,0.0,0.0
1,1,1,0.0,0.0,1.0,1.0,0.0,0.0
1,1,1,0.0,0.0,1.0,1.0,0.0,0.0
2,1,1,0.0,0.0,1.0,1.0,0.0,0.0
1,1,1,0.0,0.0,1.0,1.0,0.0,0.0
2,1,1,0.0,0.0,1.0,1.0,0.0,0.0
0,1,1,0.0,0.0,1.0,1.0,0.0,0.0
2,1,1,0.0,0.0,1.0,1.0,0.0,0.0
0,1,1,0.0,0.0,1.0,1.0,0.0,0.0
1,1,1,0.0,0.0,1.0,1.0,0.0,0.0
1,1,1,0.0,0.0,1.0,1.0,0.0,0.0
0,1,1,0.0,0.0,1.0,1.0,0.0,0.0
2,1,1,0.0,0.0,1.0,1.0,0.0,0.0
1,1,1,0.0,0.0,1.0,1.0,0.0,0.0
2,1,1,0.0,0.0,1.0,1.0,0.0,0.0
0,1,1,0.0,0.0,1.0,1.0,0.0,0.0
2,1,1,0.0,0.0,1.0,1.0,0.0,0.0
1,1,1,0.0,0.0,1.0,1.0,0.0,0.0
1,1,1,0.0,0.0,1.0,1.0,0.0,0.0
2,1,1,6.3682e-41,0.0,1.0,1.0,0.0,0.0
1,1,1,0.0,0.0,1.0,1.0,0.0,0.0
0,1,1,0.0,0.0,1.0,1.0,0.0,0.0
0,1,1,0.0,0.0,1.0,1.0,0.0,0.0
1,1,1,0.0,0.0,1.0,1.0,0.0,0.0
2,1,1,0.0,0.0,1.0,1.0,0.0,0.0
2,1,1,0.0,0.0,1.0,1.0,0.0,0.0
2,1,1,3.5002488e-38,0.0,1.0,1.0,0.0,0.0
0,1,1,0.0,0.0,1.0,1.0,0.0,0.0
1,1,1,0.0,0.0,1.0,1.0,0.0,0.0
1,1,1,0.0,0.0,1.0,1.0,0.0,0.0
0,1,1,0.0,0.0,1.0,1.0,0.0,0.0
2,1,1,0.0,0.0,1.0,1.0,0.0,0.0
2,1,1,0.0,0.0,1.0,1.0,0.0,0.0
2,1,1,0.0,0.0,1.0,1.0,0.0,0.0
1,1,1,0.0,0.0,1.0,1.0,0.0,0.0
0,1,1,0.0,0.0,1.0,1.0,0.0,0.0
1,1,1,0.0,0.0,1.0,1.0,0.0,0.0
1,1,1,0.0,0.0,1.0,1.0,0.0,0.0
0,1,1,0.0,0.0,1.0,1.0,0.0,0.0
0,1,1,0.0,0.0,1.0,1.0,0.0,0.0
1,1,1,0.0,0.0,1.0,1.0,0.0,0.0
1,1,1,0.0,0.0,1.0,1.0,0.0,0.0
2,1,1,0.0,0.0,1.0,1.0,0.0,0.0
2,1,1,0.0,0.0,1.0,1.0,0.0,0.0
1,1,1,0.0,0.0,1.0,1.0,0.0,0.0
1,1,1,0.0,0.0,1.0,1.0,0.0,0.0
0,1,1,0.0,0.0,1.0,1.0,0.0,0.0
1,1,1,0.0,0.0,1.0,1.0,0.0,0.0
2,1,1,0.0,0.0,1.0,1.0,0.0,0.0
2,1,1,0.0,0.0,1.0,1.0,0.0,0.0
0,1,1,0.0,0.0,1.0,1.0,0.0,0.0
2,1,1,0.0,0.0,1.0,1.0,0.0,0.0
1,1,1,0.0,0.0,1.0,1.0,0.0,0.0
